timestamp,close
2024-04-05 21:45:00,67515.45
2024-04-05 22:00:00,67640.0
2024-04-05 22:15:00,67690.0
2024-04-05 22:30:00,67779.06
2024-04-05 22:45:00,67628.53
2024-04-05 23:00:00,67813.98
2024-04-05 23:15:00,67839.1
2024-04-05 23:30:00,67917.94
2024-04-05 23:45:00,67820.62
2024-04-06 00:00:00,67792.2
2024-04-06 00:15:00,67864.39
2024-04-06 00:30:00,67918.0
2024-04-06 00:45:00,67900.57
2024-04-06 01:00:00,67818.0
2024-04-06 01:15:00,67918.0
2024-04-06 01:30:00,67794.46
2024-04-06 01:45:00,67689.99
2024-04-06 02:00:00,67659.89
2024-04-06 02:15:00,67595.6
2024-04-06 02:30:00,67492.51
2024-04-06 02:45:00,67574.59
2024-04-06 03:00:00,67715.65
2024-04-06 03:15:00,67742.76
2024-04-06 03:30:00,67639.99
2024-04-06 03:45:00,67788.01
2024-04-06 04:00:00,67776.0
2024-04-06 04:15:00,67669.99
2024-04-06 04:30:00,67676.09
2024-04-06 04:45:00,67735.84
2024-04-06 05:00:00,67965.85
2024-04-06 05:15:00,67999.99
2024-04-06 05:30:00,68093.61
2024-04-06 05:45:00,68038.74
2024-04-06 06:00:00,67980.0
2024-04-06 06:15:00,68008.36
2024-04-06 06:30:00,68106.74
2024-04-06 06:45:00,68109.42
2024-04-06 07:00:00,68055.34
2024-04-06 07:15:00,67967.53
2024-04-06 07:30:00,67989.14
2024-04-06 07:45:00,67992.02
2024-04-06 08:00:00,68000.35
2024-04-06 08:15:00,67938.0
2024-04-06 08:30:00,67909.28
2024-04-06 08:45:00,68012.14
2024-04-06 09:00:00,68086.85
2024-04-06 09:15:00,67962.35
2024-04-06 09:30:00,67888.81
2024-04-06 09:45:00,67792.0
2024-04-06 10:00:00,67851.1
2024-04-06 10:15:00,67813.99
2024-04-06 10:30:00,67809.21
2024-04-06 10:45:00,67842.17
2024-04-06 11:00:00,67759.68
2024-04-06 11:15:00,67743.93
2024-04-06 11:30:00,67711.83
2024-04-06 11:45:00,67668.16
2024-04-06 12:00:00,67725.46
2024-04-06 12:15:00,67777.1
2024-04-06 12:30:00,67663.23
2024-04-06 12:45:00,67738.37
2024-04-06 13:00:00,67707.72
2024-04-06 13:15:00,67580.0
2024-04-06 13:30:00,67678.0
2024-04-06 13:45:00,67699.99
2024-04-06 14:00:00,67786.0
2024-04-06 14:15:00,67777.12
2024-04-06 14:30:00,68011.84
2024-04-06 14:45:00,67993.99
2024-04-06 15:00:00,68242.12
2024-04-06 15:15:00,68120.57
2024-04-06 15:30:00,68067.4
2024-04-06 15:45:00,68104.0
2024-04-06 16:00:00,67998.1
2024-04-06 16:15:00,67981.95
2024-04-06 16:30:00,67990.02
2024-04-06 16:45:00,68143.48
2024-04-06 17:00:00,68117.98
2024-04-06 17:15:00,68146.36
2024-04-06 17:30:00,68413.29
2024-04-06 17:45:00,68287.3
2024-04-06 18:00:00,68266.67
2024-04-06 18:15:00,68259.76
2024-04-06 18:30:00,68253.71
2024-04-06 18:45:00,68307.28
2024-04-06 19:00:00,68305.37
2024-04-06 19:15:00,68346.0
2024-04-06 19:30:00,68360.54
2024-04-06 19:45:00,68259.98
2024-04-06 20:00:00,68185.99
2024-04-06 20:15:00,68296.81
2024-04-06 20:30:00,68312.2
2024-04-06 20:45:00,68390.0
2024-04-06 21:00:00,68387.4
2024-04-06 21:15:00,68415.0
2024-04-06 21:30:00,68385.84
2024-04-06 21:45:00,68299.65
2024-04-06 22:00:00,68489.13
2024-04-06 22:15:00,68661.82
2024-04-06 22:30:00,68705.43
2024-04-06 22:45:00,69056.0
2024-04-06 23:00:00,69556.97
2024-04-06 23:15:00,69410.0
2024-04-06 23:30:00,69062.01
2024-04-06 23:45:00,68896.0
2024-04-07 00:00:00,69109.44
2024-04-07 00:15:00,68840.0
2024-04-07 00:30:00,69076.62
2024-04-07 00:45:00,68999.99
2024-04-07 01:00:00,69212.02
2024-04-07 01:15:00,69499.99
2024-04-07 01:30:00,69415.59
2024-04-07 01:45:00,69541.65
2024-04-07 02:00:00,69479.99
2024-04-07 02:15:00,69643.43
2024-04-07 02:30:00,69470.31
2024-04-07 02:45:00,69300.0
2024-04-07 03:00:00,69298.01
2024-04-07 03:15:00,69453.31
2024-04-07 03:30:00,69382.01
2024-04-07 03:45:00,69408.05
2024-04-07 04:00:00,69272.74
2024-04-07 04:15:00,69204.0
2024-04-07 04:30:00,69221.99
2024-04-07 04:45:00,69304.44
2024-04-07 05:00:00,69394.31
2024-04-07 05:15:00,69388.0
2024-04-07 05:30:00,69398.68
2024-04-07 05:45:00,69397.76
2024-04-07 06:00:00,69341.99
2024-04-07 06:15:00,69243.31
2024-04-07 06:30:00,69261.77
2024-04-07 06:45:00,69244.09
2024-04-07 07:00:00,69322.34
2024-04-07 07:15:00,69420.0
2024-04-07 07:30:00,69374.0
2024-04-07 07:45:00,69364.01
2024-04-07 08:00:00,69462.01
2024-04-07 08:15:00,69482.64
2024-04-07 08:30:00,69534.0
2024-04-07 08:45:00,69479.99
2024-04-07 09:00:00,69493.25
2024-04-07 09:15:00,69365.95
2024-04-07 09:30:00,69223.99
2024-04-07 09:45:00,69289.99
2024-04-07 10:00:00,69316.98
2024-04-07 10:15:00,69384.01
2024-04-07 10:30:00,69469.99
2024-04-07 10:45:00,69328.14
2024-04-07 11:00:00,69275.51
2024-04-07 11:15:00,69340.01
2024-04-07 11:30:00,69384.96
2024-04-07 11:45:00,69357.0
2024-04-07 12:00:00,69293.65
2024-04-07 12:15:00,69225.99
2024-04-07 12:30:00,69390.8
2024-04-07 12:45:00,69335.99
2024-04-07 13:00:00,69459.07
2024-04-07 13:15:00,69408.74
2024-04-07 13:30:00,69357.71
2024-04-07 13:45:00,69349.93
2024-04-07 14:00:00,69291.0
2024-04-07 14:15:00,69290.0
2024-04-07 14:30:00,69494.82
2024-04-07 14:45:00,69578.44
2024-04-07 15:00:00,69800.0
2024-04-07 15:15:00,69736.0
2024-04-07 15:30:00,69584.01
2024-04-07 15:45:00,69543.74
2024-04-07 16:00:00,69900.0
2024-04-07 16:15:00,69964.01
2024-04-07 16:30:00,70156.01
2024-04-07 16:45:00,70074.0
2024-04-07 17:00:00,69854.06
2024-04-07 17:15:00,69872.39
2024-04-07 17:30:00,69729.12
2024-04-07 17:45:00,69798.01
2024-04-07 18:00:00,69540.17
2024-04-07 18:15:00,69551.78
2024-04-07 18:30:00,69393.16
2024-04-07 18:45:00,69390.01
2024-04-07 19:00:00,69376.0
2024-04-07 19:15:00,69445.68
2024-04-07 19:30:00,69273.32
2024-04-07 19:45:00,69068.01
2024-04-07 20:00:00,69219.57
2024-04-07 20:15:00,69329.33
2024-04-07 20:30:00,69372.0
2024-04-07 20:45:00,69309.69
2024-04-07 21:00:00,69343.43
2024-04-07 21:15:00,69279.73
2024-04-07 21:30:00,69201.21
2024-04-07 21:45:00,69031.3
2024-04-07 22:00:00,69197.18
2024-04-07 22:15:00,69209.99
2024-04-07 22:30:00,69313.6
2024-04-07 22:45:00,69200.0
2024-04-07 23:00:00,69410.35
2024-04-07 23:15:00,69339.99
2024-04-07 23:30:00,69362.01
2024-04-07 23:45:00,69360.39
2024-04-08 00:00:00,69395.61
2024-04-08 00:15:00,69203.98
2024-04-08 00:30:00,69280.95
2024-04-08 00:45:00,69325.99
2024-04-08 01:00:00,69526.02
2024-04-08 01:15:00,69720.0
2024-04-08 01:30:00,69704.97
2024-04-08 01:45:00,69437.02
2024-04-08 02:00:00,69301.98
2024-04-08 02:15:00,69315.81
2024-04-08 02:30:00,69318.0
2024-04-08 02:45:00,69228.0
2024-04-08 03:00:00,69264.24
2024-04-08 03:15:00,69303.29
2024-04-08 03:30:00,69416.01
2024-04-08 03:45:00,69458.95
2024-04-08 04:00:00,69340.0
2024-04-08 04:15:00,69356.56
2024-04-08 04:30:00,69401.53
2024-04-08 04:45:00,69382.0
2024-04-08 05:00:00,69626.0
2024-04-08 05:15:00,69526.0
2024-04-08 05:30:00,69698.02
2024-04-08 05:45:00,69701.99
2024-04-08 06:00:00,69742.23
2024-04-08 06:15:00,69781.72
2024-04-08 06:30:00,69662.19
2024-04-08 06:45:00,69790.29
2024-04-08 07:00:00,69911.66
2024-04-08 07:15:00,70088.43
2024-04-08 07:30:00,70650.78
2024-04-08 07:45:00,70698.63
2024-04-08 08:00:00,71333.0
2024-04-08 08:15:00,71272.0
2024-04-08 08:30:00,71217.0
2024-04-08 08:45:00,71968.0
2024-04-08 09:00:00,71985.58
2024-04-08 09:15:00,72367.99
2024-04-08 09:30:00,72292.48
2024-04-08 09:45:00,72197.25
2024-04-08 10:00:00,71971.99
2024-04-08 10:15:00,72036.71
2024-04-08 10:30:00,72230.43
2024-04-08 10:45:00,72323.98
2024-04-08 11:00:00,72297.32
2024-04-08 11:15:00,72522.08
2024-04-08 11:30:00,72316.83
2024-04-08 11:45:00,72404.0
2024-04-08 12:00:00,72719.99
2024-04-08 12:15:00,72292.43
2024-04-08 12:30:00,72346.01
2024-04-08 12:45:00,72180.02
2024-04-08 13:00:00,72074.03
2024-04-08 13:15:00,72188.64
2024-04-08 13:30:00,71977.4
2024-04-08 13:45:00,71944.31
2024-04-08 14:00:00,71871.18
2024-04-08 14:15:00,71576.07
2024-04-08 14:30:00,71392.52
2024-04-08 14:45:00,71726.0
2024-04-08 15:00:00,71912.0
2024-04-08 15:15:00,71654.0
2024-04-08 15:30:00,71874.21
2024-04-08 15:45:00,71773.98
2024-04-08 16:00:00,71832.0
2024-04-08 16:15:00,71808.01
2024-04-08 16:30:00,71857.99
2024-04-08 16:45:00,71740.1
2024-04-08 17:00:00,71647.67
2024-04-08 17:15:00,71337.62
2024-04-08 17:30:00,71518.1
2024-04-08 17:45:00,71699.23
2024-04-08 18:00:00,71745.02
2024-04-08 18:15:00,71904.0
2024-04-08 18:30:00,72064.14
2024-04-08 18:45:00,71908.61
2024-04-08 19:00:00,71911.0
2024-04-08 19:15:00,71843.74
2024-04-08 19:30:00,71752.7
2024-04-08 19:45:00,71766.0
2024-04-08 20:00:00,71628.0
2024-04-08 20:15:00,71518.0
2024-04-08 20:30:00,71708.63
2024-04-08 20:45:00,71711.99
2024-04-08 21:00:00,71861.99
2024-04-08 21:15:00,71810.77
2024-04-08 21:30:00,71693.38
2024-04-08 21:45:00,71692.01
2024-04-08 22:00:00,71664.22
2024-04-08 22:15:00,71719.02
2024-04-08 22:30:00,71636.02
2024-04-08 22:45:00,71916.09
2024-04-08 23:00:00,71833.66
2024-04-08 23:15:00,71831.46
2024-04-08 23:30:00,71707.87
2024-04-08 23:45:00,71620.0
2024-04-09 00:00:00,71699.99
2024-04-09 00:15:00,71436.4
2024-04-09 00:30:00,71450.01
2024-04-09 00:45:00,71419.99
2024-04-09 01:00:00,71073.41
2024-04-09 01:15:00,71230.01
2024-04-09 01:30:00,71301.78
2024-04-09 01:45:00,71275.46
2024-04-09 02:00:00,71379.23
2024-04-09 02:15:00,71494.67
2024-04-09 02:30:00,71455.91
2024-04-09 02:45:00,71477.44
2024-04-09 03:00:00,71589.51
2024-04-09 03:15:00,71500.0
2024-04-09 03:30:00,71289.66
2024-04-09 03:45:00,71285.0
2024-04-09 04:00:00,71117.21
2024-04-09 04:15:00,71176.0
2024-04-09 04:30:00,71293.83
2024-04-09 04:45:00,71208.01
2024-04-09 05:00:00,71069.24
2024-04-09 05:15:00,71218.87
2024-04-09 05:30:00,70981.53
2024-04-09 05:45:00,71056.0
2024-04-09 06:00:00,71082.36
2024-04-09 06:15:00,71132.88
2024-04-09 06:30:00,70776.01
2024-04-09 06:45:00,70765.69
2024-04-09 07:00:00,70896.64
2024-04-09 07:15:00,70612.01
2024-04-09 07:30:00,70472.01
2024-04-09 07:45:00,70383.99
2024-04-09 08:00:00,69883.63
2024-04-09 08:15:00,70119.99
2024-04-09 08:30:00,70173.13
2024-04-09 08:45:00,70500.01
2024-04-09 09:00:00,70755.76
2024-04-09 09:15:00,70568.36
2024-04-09 09:30:00,70501.01
2024-04-09 09:45:00,70392.18
2024-04-09 10:00:00,70355.99
2024-04-09 10:15:00,70403.99
2024-04-09 10:30:00,70444.21
2024-04-09 10:45:00,70566.64
2024-04-09 11:00:00,70898.04
2024-04-09 11:15:00,70808.64
2024-04-09 11:30:00,70680.0
2024-04-09 11:45:00,70794.85
2024-04-09 12:00:00,70712.0
2024-04-09 12:15:00,70748.47
2024-04-09 12:30:00,70807.16
2024-04-09 12:45:00,70690.0
2024-04-09 13:00:00,70616.02
2024-04-09 13:15:00,70638.32
2024-04-09 13:30:00,70527.99
2024-04-09 13:45:00,69928.0
2024-04-09 14:00:00,70289.5
2024-04-09 14:15:00,69977.99
2024-04-09 14:30:00,69184.01
2024-04-09 14:45:00,69358.32
2024-04-09 15:00:00,68888.01
2024-04-09 15:15:00,68883.99
2024-04-09 15:30:00,69011.94
2024-04-09 15:45:00,69264.0
2024-04-09 16:00:00,69045.38
2024-04-09 16:15:00,69111.83
2024-04-09 16:30:00,68790.25
2024-04-09 16:45:00,68601.24
2024-04-09 17:00:00,68395.99
2024-04-09 17:15:00,68790.77
2024-04-09 17:30:00,68856.11
2024-04-09 17:45:00,68823.99
2024-04-09 18:00:00,68806.77
2024-04-09 18:15:00,68967.99
2024-04-09 18:30:00,68877.84
2024-04-09 18:45:00,68879.23
2024-04-09 19:00:00,68721.13
2024-04-09 19:15:00,69118.36
2024-04-09 19:30:00,68984.68
2024-04-09 19:45:00,69000.77
2024-04-09 20:00:00,69108.0
2024-04-09 20:15:00,69088.0
2024-04-09 20:30:00,69052.01
2024-04-09 20:45:00,69171.19
2024-04-09 21:00:00,69039.99
2024-04-09 21:15:00,69085.24
2024-04-09 21:30:00,69140.01
2024-04-09 21:45:00,69213.83
2024-04-09 22:00:00,69207.79
2024-04-09 22:15:00,69240.01
2024-04-09 22:30:00,69360.32
2024-04-09 22:45:00,69325.65
2024-04-09 23:00:00,69161.08
2024-04-09 23:15:00,68986.34
2024-04-09 23:30:00,69167.99
2024-04-09 23:45:00,69146.0
2024-04-10 00:00:00,69272.0
2024-04-10 00:15:00,69271.79
2024-04-10 00:30:00,69172.01
2024-04-10 00:45:00,69138.81
2024-04-10 01:00:00,68871.99
2024-04-10 01:15:00,68860.74
2024-04-10 01:30:00,68832.01
2024-04-10 01:45:00,69269.75
2024-04-10 02:00:00,69363.74
2024-04-10 02:15:00,69068.01
2024-04-10 02:30:00,68748.02
2024-04-10 02:45:00,68651.98
2024-04-10 03:00:00,68807.99
2024-04-10 03:15:00,68880.0
2024-04-10 03:30:00,68963.01
2024-04-10 03:45:00,69150.18
2024-04-10 04:00:00,69123.98
2024-04-10 04:15:00,69100.01
2024-04-10 04:30:00,69098.7
2024-04-10 04:45:00,69134.33
2024-04-10 05:00:00,69272.0
2024-04-10 05:15:00,69319.99
2024-04-10 05:30:00,69381.08
2024-04-10 05:45:00,69255.82
2024-04-10 06:00:00,69236.3
2024-04-10 06:15:00,69457.42
2024-04-10 06:30:00,69476.1
2024-04-10 06:45:00,69369.25
2024-04-10 07:00:00,69461.17
2024-04-10 07:15:00,69359.23
2024-04-10 07:30:00,69421.42
2024-04-10 07:45:00,69336.28
2024-04-10 08:00:00,69030.03
2024-04-10 08:15:00,69063.98
2024-04-10 08:30:00,68962.99
2024-04-10 08:45:00,69011.92
2024-04-10 09:00:00,69054.19
2024-04-10 09:15:00,69100.61
2024-04-10 09:30:00,69044.57
2024-04-10 09:45:00,69139.2
2024-04-10 10:00:00,68936.17
2024-04-10 10:15:00,68848.0
2024-04-10 10:30:00,68806.76
2024-04-10 10:45:00,68932.01
2024-04-10 11:00:00,69026.63
2024-04-10 11:15:00,69070.2
2024-04-10 11:30:00,69045.86
2024-04-10 11:45:00,69043.0
2024-04-10 12:00:00,69019.13
2024-04-10 12:15:00,68972.28
2024-04-10 12:30:00,67959.99
2024-04-10 12:45:00,67976.0
2024-04-10 13:00:00,67616.02
2024-04-10 13:15:00,67698.96
2024-04-10 13:30:00,67886.01
2024-04-10 13:45:00,68259.77
2024-04-10 14:00:00,68235.13
2024-04-10 14:15:00,68588.24
2024-04-10 14:30:00,68829.5
2024-04-10 14:45:00,68703.05
2024-04-10 15:00:00,68370.0
2024-04-10 15:15:00,68632.25
2024-04-10 15:30:00,68500.0
2024-04-10 15:45:00,68657.32
2024-04-10 16:00:00,68732.01
2024-04-10 16:15:00,68917.63
2024-04-10 16:30:00,69076.73
2024-04-10 16:45:00,69500.0
2024-04-10 17:00:00,69261.24
2024-04-10 17:15:00,69594.8
2024-04-10 17:30:00,69302.64
2024-04-10 17:45:00,69350.11
2024-04-10 18:00:00,69375.99
2024-04-10 18:15:00,69239.35
2024-04-10 18:30:00,69376.43
2024-04-10 18:45:00,69314.33
2024-04-10 19:00:00,69365.19
2024-04-10 19:15:00,69519.85
2024-04-10 19:30:00,69732.31
2024-04-10 19:45:00,70083.99
2024-04-10 20:00:00,69876.51
2024-04-10 20:15:00,69843.9
2024-04-10 20:30:00,69897.02
2024-04-10 20:45:00,69812.01
2024-04-10 21:00:00,69852.27
2024-04-10 21:15:00,69623.99
2024-04-10 21:30:00,69593.88
2024-04-10 21:45:00,70017.0
2024-04-10 22:00:00,70494.41
2024-04-10 22:15:00,70917.31
2024-04-10 22:30:00,70775.76
2024-04-10 22:45:00,70528.0
2024-04-10 23:00:00,70655.37
2024-04-10 23:15:00,70587.17
2024-04-10 23:30:00,70537.04
2024-04-10 23:45:00,70631.08
2024-04-11 00:00:00,70462.17
2024-04-11 00:15:00,70364.03
2024-04-11 00:30:00,70362.81
2024-04-11 00:45:00,70520.01
2024-04-11 01:00:00,70633.67
2024-04-11 01:15:00,70514.58
2024-04-11 01:30:00,70549.83
2024-04-11 01:45:00,70553.28
2024-04-11 02:00:00,70760.02
2024-04-11 02:15:00,70808.71
2024-04-11 02:30:00,70904.29
2024-04-11 02:45:00,70995.66
2024-04-11 03:00:00,70854.54
2024-04-11 03:15:00,70881.2
2024-04-11 03:30:00,70910.0
2024-04-11 03:45:00,70851.67
2024-04-11 04:00:00,70597.76
2024-04-11 04:15:00,70511.81
2024-04-11 04:30:00,70531.06
2024-04-11 04:45:00,70604.01
2024-04-11 05:00:00,70680.0
2024-04-11 05:15:00,70570.36
2024-04-11 05:30:00,70490.6
2024-04-11 05:45:00,70583.99
2024-04-11 06:00:00,70783.14
2024-04-11 06:15:00,70669.96
2024-04-11 06:30:00,70727.98
2024-04-11 06:45:00,70717.82
2024-04-11 07:00:00,70890.3
2024-04-11 07:15:00,70931.26
2024-04-11 07:30:00,70940.02
2024-04-11 07:45:00,70735.99
2024-04-11 08:00:00,70833.54
2024-04-11 08:15:00,70828.02
2024-04-11 08:30:00,71123.99
2024-04-11 08:45:00,71039.39
2024-04-11 09:00:00,70916.01
2024-04-11 09:15:00,70844.78
2024-04-11 09:30:00,70751.95
2024-04-11 09:45:00,70604.0
2024-04-11 10:00:00,70627.99
2024-04-11 10:15:00,70687.17
2024-04-11 10:30:00,70568.0
2024-04-11 10:45:00,70459.99
2024-04-11 11:00:00,70514.57
2024-04-11 11:15:00,70553.14
2024-04-11 11:30:00,70324.01
2024-04-11 11:45:00,69983.16
2024-04-11 12:00:00,70144.55
2024-04-11 12:15:00,69992.76
2024-04-11 12:30:00,70824.01
2024-04-11 12:45:00,70858.83
2024-04-11 13:00:00,70878.83
2024-04-11 13:15:00,70722.08
2024-04-11 13:30:00,69820.0
2024-04-11 13:45:00,70284.0
2024-04-11 14:00:00,69966.66
2024-04-11 14:15:00,69828.0
2024-04-11 14:30:00,69985.01
2024-04-11 14:45:00,69600.54
2024-04-11 15:00:00,69760.01
2024-04-11 15:15:00,69696.0
2024-04-11 15:30:00,69881.5
2024-04-11 15:45:00,70000.0
2024-04-11 16:00:00,70008.96
2024-04-11 16:15:00,69796.02
2024-04-11 16:30:00,69718.92
2024-04-11 16:45:00,70011.99
2024-04-11 17:00:00,70259.47
2024-04-11 17:15:00,70322.9
2024-04-11 17:30:00,70185.43
2024-04-11 17:45:00,70203.99
2024-04-11 18:00:00,70225.14
2024-04-11 18:15:00,70122.7
2024-04-11 18:30:00,70225.68
2024-04-11 18:45:00,70099.75
2024-04-11 19:00:00,70149.63
2024-04-11 19:15:00,70313.8
2024-04-11 19:30:00,70502.54
2024-04-11 19:45:00,70459.67
2024-04-11 20:00:00,70550.4
2024-04-11 20:15:00,70678.51
2024-04-11 20:30:00,70523.99
2024-04-11 20:45:00,70499.62
2024-04-11 21:00:00,70480.58
2024-04-11 21:15:00,70203.98
2024-04-11 21:30:00,70156.55
2024-04-11 21:45:00,70115.41
2024-04-11 22:00:00,70192.86
2024-04-11 22:15:00,70250.0
2024-04-11 22:30:00,70160.01
2024-04-11 22:45:00,70151.26
2024-04-11 23:00:00,70055.37
2024-04-11 23:15:00,69961.99
2024-04-11 23:30:00,70056.76
2024-04-11 23:45:00,70006.23
2024-04-12 00:00:00,70242.73
2024-04-12 00:15:00,70260.01
2024-04-12 00:30:00,70307.77
2024-04-12 00:45:00,70301.63
2024-04-12 01:00:00,70199.99
2024-04-12 01:15:00,70179.13
2024-04-12 01:30:00,70222.8
2024-04-12 01:45:00,70280.01
2024-04-12 02:00:00,70534.74
2024-04-12 02:15:00,70714.13
2024-04-12 02:30:00,70687.99
2024-04-12 02:45:00,70635.93
2024-04-12 03:00:00,70737.27
2024-04-12 03:15:00,70914.0
2024-04-12 03:30:00,70818.63
2024-04-12 03:45:00,70977.27
2024-04-12 04:00:00,70890.62
2024-04-12 04:15:00,70837.44
2024-04-12 04:30:00,70999.97
2024-04-12 04:45:00,71115.99
2024-04-12 05:00:00,71015.99
2024-04-12 05:15:00,71039.81
2024-04-12 05:30:00,70951.95
2024-04-12 05:45:00,70956.32
2024-04-12 06:00:00,70833.38
2024-04-12 06:15:00,70809.33
2024-04-12 06:30:00,70875.6
2024-04-12 06:45:00,70871.05
2024-04-12 07:00:00,70804.0
2024-04-12 07:15:00,70833.22
2024-04-12 07:30:00,70680.12
2024-04-12 07:45:00,70764.01
2024-04-12 08:00:00,70851.94
2024-04-12 08:15:00,70784.01
2024-04-12 08:30:00,70754.44
2024-04-12 08:45:00,70759.99
2024-04-12 09:00:00,70744.7
2024-04-12 09:15:00,70669.85
2024-04-12 09:30:00,70608.0
2024-04-12 09:45:00,70652.0
2024-04-12 10:00:00,70720.0
2024-04-12 10:15:00,70730.7
2024-04-12 10:30:00,70788.0
2024-04-12 10:45:00,70786.4
2024-04-12 11:00:00,70816.27
2024-04-12 11:15:00,70792.01
2024-04-12 11:30:00,70925.61
2024-04-12 11:45:00,70904.01
2024-04-12 12:00:00,70872.57
2024-04-12 12:15:00,70852.71
2024-04-12 12:30:00,70396.69
2024-04-12 12:45:00,70534.24
2024-04-12 13:00:00,70295.7
2024-04-12 13:15:00,70147.98
2024-04-12 13:30:00,69808.03
2024-04-12 13:45:00,69888.0
2024-04-12 14:00:00,69776.06
2024-04-12 14:15:00,69737.71
2024-04-12 14:30:00,69620.02
2024-04-12 14:45:00,69270.01
2024-04-12 15:00:00,69384.0
2024-04-12 15:15:00,69703.95
2024-04-12 15:30:00,69421.43
2024-04-12 15:45:00,69347.3
2024-04-12 16:00:00,69135.99
2024-04-12 16:15:00,68970.66
2024-04-12 16:30:00,68720.03
2024-04-12 16:45:00,68840.54
2024-04-12 17:00:00,68571.88
2024-04-12 17:15:00,67872.0
2024-04-12 17:30:00,68156.55
2024-04-12 17:45:00,68140.02
2024-04-12 18:00:00,68168.87
2024-04-12 18:15:00,67624.44
2024-04-12 18:30:00,66547.02
2024-04-12 18:45:00,66492.0
2024-04-12 19:00:00,66592.0
2024-04-12 19:15:00,66808.02
2024-04-12 19:30:00,67091.22
2024-04-12 19:45:00,66843.98
2024-04-12 20:00:00,67291.05
2024-04-12 20:15:00,67356.01
2024-04-12 20:30:00,67285.72
2024-04-12 20:45:00,67120.0
2024-04-12 21:00:00,66856.03
2024-04-12 21:15:00,66895.26
2024-04-12 21:30:00,66781.73
2024-04-12 21:45:00,66960.01
2024-04-12 22:00:00,67121.8
2024-04-12 22:15:00,67077.2
2024-04-12 22:30:00,67015.99
2024-04-12 22:45:00,67053.33
2024-04-12 23:00:00,66900.3
2024-04-12 23:15:00,66974.23
2024-04-12 23:30:00,67111.65
2024-04-12 23:45:00,67116.52
2024-04-13 00:00:00,66945.47
2024-04-13 00:15:00,67033.32
2024-04-13 00:30:00,66788.25
2024-04-13 00:45:00,66913.27
2024-04-13 01:00:00,66501.82
2024-04-13 01:15:00,66561.13
2024-04-13 01:30:00,66272.56
2024-04-13 01:45:00,65886.63
2024-04-13 02:00:00,66412.02
2024-04-13 02:15:00,66526.67
2024-04-13 02:30:00,66533.4
2024-04-13 02:45:00,66535.99
2024-04-13 03:00:00,66530.76
2024-04-13 03:15:00,66777.77
2024-04-13 03:30:00,66973.3
2024-04-13 03:45:00,67160.55
2024-04-13 04:00:00,67241.57
2024-04-13 04:15:00,67383.6
2024-04-13 04:30:00,67706.66
2024-04-13 04:45:00,67587.62
2024-04-13 05:00:00,67741.55
2024-04-13 05:15:00,67669.45
2024-04-13 05:30:00,67535.05
2024-04-13 05:45:00,67345.48
2024-04-13 06:00:00,67389.21
2024-04-13 06:15:00,67381.36
2024-04-13 06:30:00,67422.87
2024-04-13 06:45:00,67476.02
2024-04-13 07:00:00,67368.69
2024-04-13 07:15:00,67351.65
2024-04-13 07:30:00,67450.55
2024-04-13 07:45:00,67446.52
2024-04-13 08:00:00,67235.0
2024-04-13 08:15:00,67389.48
2024-04-13 08:30:00,67279.99
2024-04-13 08:45:00,67176.0
2024-04-13 09:00:00,67148.01
2024-04-13 09:15:00,67201.03
2024-04-13 09:30:00,67368.0
2024-04-13 09:45:00,67393.85
2024-04-13 10:00:00,67424.5
2024-04-13 10:15:00,67327.67
2024-04-13 10:30:00,67387.99
2024-04-13 10:45:00,67428.25
2024-04-13 11:00:00,67559.05
2024-04-13 11:15:00,67445.99
2024-04-13 11:30:00,67508.89
2024-04-13 11:45:00,67360.0
2024-04-13 12:00:00,67227.98
2024-04-13 12:15:00,67272.01
2024-04-13 12:30:00,67452.0
2024-04-13 12:45:00,67514.69
2024-04-13 13:00:00,67647.99
2024-04-13 13:15:00,67692.0
2024-04-13 13:30:00,67512.65
2024-04-13 13:45:00,67552.03
2024-04-13 14:00:00,67658.48
2024-04-13 14:15:00,67692.99
2024-04-13 14:30:00,67499.99
2024-04-13 14:45:00,67559.56
2024-04-13 15:00:00,67466.68
2024-04-13 15:15:00,67884.0
2024-04-13 15:30:00,67823.11
2024-04-13 15:45:00,67676.0
2024-04-13 16:00:00,67489.01
2024-04-13 16:15:00,67410.03
2024-04-13 16:30:00,67540.0
2024-04-13 16:45:00,67432.37
2024-04-13 17:00:00,67047.24
2024-04-13 17:15:00,66788.71
2024-04-13 17:30:00,66972.0
2024-04-13 17:45:00,66730.87
2024-04-13 18:00:00,66738.38
2024-04-13 18:15:00,66875.29
2024-04-13 18:30:00,67144.0
2024-04-13 18:45:00,67156.27
2024-04-13 19:00:00,67025.22
2024-04-13 19:15:00,67048.81
2024-04-13 19:30:00,66791.2
2024-04-13 19:45:00,64788.01
2024-04-13 20:00:00,62543.0
2024-04-13 20:15:00,62097.45
2024-04-13 20:30:00,62507.47
2024-04-13 20:45:00,61816.02
2024-04-13 21:00:00,62080.02
2024-04-13 21:15:00,61794.11
2024-04-13 21:30:00,62324.99
2024-04-13 21:45:00,62928.01
2024-04-13 22:00:00,62372.02
2024-04-13 22:15:00,62791.06
2024-04-13 22:30:00,64558.38
2024-04-13 22:45:00,64293.46
2024-04-13 23:00:00,65019.19
2024-04-13 23:15:00,64408.01
2024-04-13 23:30:00,64340.48
2024-04-13 23:45:00,63924.51
2024-04-14 00:00:00,63874.97
2024-04-14 00:15:00,63556.99
2024-04-14 00:30:00,64099.48
2024-04-14 00:45:00,63672.18
2024-04-14 01:00:00,63508.57
2024-04-14 01:15:00,63782.31
2024-04-14 01:30:00,63867.39
2024-04-14 01:45:00,63743.11
2024-04-14 02:00:00,63657.0
2024-04-14 02:15:00,63507.38
2024-04-14 02:30:00,63158.6
2024-04-14 02:45:00,63084.18
2024-04-14 03:00:00,62183.58
2024-04-14 03:15:00,62735.62
2024-04-14 03:30:00,63397.0
2024-04-14 03:45:00,63437.55
2024-04-14 04:00:00,63691.28
2024-04-14 04:15:00,64148.3
2024-04-14 04:30:00,63941.63
2024-04-14 04:45:00,63956.99
2024-04-14 05:00:00,64388.7
2024-04-14 05:15:00,64268.1
2024-04-14 05:30:00,64405.5
2024-04-14 05:45:00,64383.99
2024-04-14 06:00:00,64217.63
2024-04-14 06:15:00,64656.1
2024-04-14 06:30:00,64833.92
2024-04-14 06:45:00,64649.96
2024-04-14 07:00:00,64648.97
2024-04-14 07:15:00,64580.01
2024-04-14 07:30:00,64578.08
2024-04-14 07:45:00,64464.3
2024-04-14 08:00:00,64601.16
2024-04-14 08:15:00,64847.32
2024-04-14 08:30:00,64650.0
2024-04-14 08:45:00,64530.67
2024-04-14 09:00:00,64408.02
2024-04-14 09:15:00,64340.76
2024-04-14 09:30:00,64088.03
2024-04-14 09:45:00,64134.19
2024-04-14 10:00:00,64303.04
2024-04-14 10:15:00,64292.3
2024-04-14 10:30:00,64516.39
2024-04-14 10:45:00,64457.23
2024-04-14 11:00:00,64239.16
2024-04-14 11:15:00,64110.13
2024-04-14 11:30:00,63870.0
2024-04-14 11:45:00,64166.05
2024-04-14 12:00:00,64213.56
2024-04-14 12:15:00,64230.82
2024-04-14 12:30:00,64492.26
2024-04-14 12:45:00,64525.25
2024-04-14 13:00:00,64693.81
2024-04-14 13:15:00,64597.9
2024-04-14 13:30:00,64464.3
2024-04-14 13:45:00,64373.42
2024-04-14 14:00:00,64036.56
2024-04-14 14:15:00,63999.99
2024-04-14 14:30:00,63835.48
2024-04-14 14:45:00,63918.01
2024-04-14 15:00:00,64006.31
2024-04-14 15:15:00,64327.39
2024-04-14 15:30:00,64106.2
2024-04-14 15:45:00,64180.97
2024-04-14 16:00:00,64349.73
2024-04-14 16:15:00,64628.73
2024-04-14 16:30:00,64439.92
2024-04-14 16:45:00,64412.37
2024-04-14 17:00:00,63757.0
2024-04-14 17:15:00,63113.42
2024-04-14 17:30:00,63874.29
2024-04-14 17:45:00,63868.58
2024-04-14 18:00:00,64257.74
2024-04-14 18:15:00,64333.38
2024-04-14 18:30:00,64505.16
2024-04-14 18:45:00,64397.67
2024-04-14 19:00:00,64097.15
2024-04-14 19:15:00,64004.56
2024-04-14 19:30:00,64263.42
2024-04-14 19:45:00,64168.62
2024-04-14 20:00:00,64036.73
2024-04-14 20:15:00,64120.42
2024-04-14 20:30:00,64113.55
2024-04-14 20:45:00,63842.36
2024-04-14 21:00:00,63695.61
2024-04-14 21:15:00,63630.44
2024-04-14 21:30:00,63460.49
2024-04-14 21:45:00,63682.15
2024-04-14 22:00:00,64933.48
2024-04-14 22:15:00,65306.7
2024-04-14 22:30:00,65130.32
2024-04-14 22:45:00,65330.3
2024-04-14 23:00:00,65345.68
2024-04-14 23:15:00,65532.02
2024-04-14 23:30:00,65765.17
2024-04-14 23:45:00,65661.84
2024-04-15 00:00:00,65712.77
2024-04-15 00:15:00,65489.37
2024-04-15 00:30:00,65630.6
2024-04-15 00:45:00,65485.23
2024-04-15 01:00:00,65386.96
2024-04-15 01:15:00,65572.97
2024-04-15 01:30:00,65383.01
2024-04-15 01:45:00,65275.62
2024-04-15 02:00:00,65140.12
2024-04-15 02:15:00,65214.6
2024-04-15 02:30:00,65074.47
2024-04-15 02:45:00,65129.74
2024-04-15 03:00:00,65199.98
2024-04-15 03:15:00,65226.07
2024-04-15 03:30:00,65323.41
2024-04-15 03:45:00,65138.19
2024-04-15 04:00:00,64791.83
2024-04-15 04:15:00,64943.0
2024-04-15 04:30:00,64904.3
2024-04-15 04:45:00,64906.14
2024-04-15 05:00:00,64955.73
2024-04-15 05:15:00,65111.73
2024-04-15 05:30:00,65252.81
2024-04-15 05:45:00,65466.74
2024-04-15 06:00:00,65624.31
2024-04-15 06:15:00,66339.51
2024-04-15 06:30:00,66324.12
2024-04-15 06:45:00,66463.63
2024-04-15 07:00:00,66308.69
2024-04-15 07:15:00,66464.41
2024-04-15 07:30:00,66317.29
2024-04-15 07:45:00,66263.84
2024-04-15 08:00:00,66086.78
2024-04-15 08:15:00,66185.7
2024-04-15 08:30:00,66367.95
2024-04-15 08:45:00,66287.21
2024-04-15 09:00:00,66257.97
2024-04-15 09:15:00,66644.51
2024-04-15 09:30:00,66712.14
2024-04-15 09:45:00,66578.39
2024-04-15 10:00:00,66545.24
2024-04-15 10:15:00,66477.0
2024-04-15 10:30:00,66506.76
2024-04-15 10:45:00,66465.56
2024-04-15 11:00:00,66250.04
2024-04-15 11:15:00,66196.65
2024-04-15 11:30:00,65999.99
2024-04-15 11:45:00,65860.12
2024-04-15 12:00:00,66131.31
2024-04-15 12:15:00,66022.06
2024-04-15 12:30:00,66105.73
2024-04-15 12:45:00,66028.17
2024-04-15 13:00:00,66156.45
2024-04-15 13:15:00,66150.0
2024-04-15 13:30:00,66228.97
2024-04-15 13:45:00,65865.77
2024-04-15 14:00:00,65205.43
2024-04-15 14:15:00,65359.21
2024-04-15 14:30:00,64848.18
2024-04-15 14:45:00,64235.24
2024-04-15 15:00:00,64509.2
2024-04-15 15:15:00,64656.65
2024-04-15 15:30:00,64332.79
2024-04-15 15:45:00,64568.81
2024-04-15 16:00:00,64537.02
2024-04-15 16:15:00,64114.74
2024-04-15 16:30:00,64138.36
2024-04-15 16:45:00,64148.61
2024-04-15 17:00:00,64519.75
2024-04-15 17:15:00,63797.68
2024-04-15 17:30:00,63694.4
2024-04-15 17:45:00,63908.48
2024-04-15 18:00:00,63742.15
2024-04-15 18:15:00,63476.99
2024-04-15 18:30:00,63853.35
2024-04-15 18:45:00,63170.87
2024-04-15 19:00:00,63021.88
2024-04-15 19:15:00,63123.71
2024-04-15 19:30:00,63320.32
2024-04-15 19:45:00,63301.11
2024-04-15 20:00:00,63441.64
2024-04-15 20:15:00,63270.31
2024-04-15 20:30:00,63319.34
2024-04-15 20:45:00,63112.96
2024-04-15 21:00:00,63295.74
2024-04-15 21:15:00,63028.63
2024-04-15 21:30:00,62911.81
2024-04-15 21:45:00,63262.94
2024-04-15 22:00:00,62986.59
2024-04-15 22:15:00,63048.0
2024-04-15 22:30:00,63387.56
2024-04-15 22:45:00,63459.98
2024-04-15 23:00:00,63540.61
2024-04-15 23:15:00,63288.84
2024-04-15 23:30:00,63440.0
2024-04-15 23:45:00,63419.99